Cucharaditas,Conductancia
0,0.00360
1,0.00708
2,0.01304
3,0.03614
4,0.05882
5,0.08110
6,0.09372
7,0.10989
8,0.12658
9,0.14225
10,0.16051